,Position,Title,Link,Cited_by,Pub_Info,Snippet
0,0,Resilience of ground transportation networks: a case study on Melbourne,https://www.worldtransitresearch.info/research/3825/,79,"G Leu, H Abbass, N Curtis - 2010 - worldtransitresearch.info","… and resilience is computed for train, tram and street networks. The … Hence, the graphs that we use for analysis are built as … We would normally start with a fully connected graph (one can …"
1,1,A graph-based framework for real-time vulnerability assessment of road networks,https://ieeexplore.ieee.org/abstract/document/8421354/,16,"A Furno, NE El Faouzi, R Sharma… - … on Smart Computing …, 2018 - ieeexplore.ieee.org","… network properties and structural features of road networks, by … state of the transportation network with correctly operating … of network breakage on road traffic remains a very complex …"
2,2,"Resilience and friability of transportation networks: evaluation, analysis and optimization",https://ieeexplore.ieee.org/abstract/document/5688189/,259,"WH Ip, D Wang - IEEE Systems Journal, 2011 - ieeexplore.ieee.org",… studies on the resilience of complex networks have been reported … represent transportation networks by an undirected graph … of a transportation network with ten city nodes and 16 road …
3,3,Vulnerability of complex networks,https://www.sciencedirect.com/science/article/pii/S1007570410001607,144,"I Mishkovski, M Biey, L Kocarev - Communications in Nonlinear Science …, 2011 - Elsevier","… is also carried out for three urban transport networks: Turin’s, Milan’s and London’s road … In this paper we consider networks that can be modeled as simple graphs. A graph is an …"
4,4,Graph-theoretical analysis of the Swiss road and railway networks over time,https://link.springer.com/article/10.1007/s11067-008-9074-7,175,"A Erath, M Löchl, KW Axhausen - Networks and Spatial Economics, 2009 - Springer",… figures should characterise the vulnerability of transport … An ongoing project dealing with vulnerability will address the … of network measures as used in the analyses of complex …
5,5,Resilience analytics: coverage and robustness in multi-modal transportation networks,https://link.springer.com/content/pdf/10.1140/epjds/s13688-018-0139-7.pdf,19,"A Baggag, S Abbar, T Zanouda, J Srivastava - EPJ Data Science, 2018 - Springer","… With the road networks for dozens of cities at hand, we can … and resilience of the complex transportation systems. Such … 1 Basic statistics about different transportation networks used …"
6,6,Approach to quantify the impact of disruptions on traffic conditions using dynamic weighted resilience metrics of transport networks,https://journals.sagepub.com/doi/pdf/10.1177/0361198121998663,5,"E Henry, A Furno, NEE Faouzi - Transportation research …, 2021 - journals.sagepub.com","… combines different metrics from the complex networks theory (ie, … for resilience modeling and analysis for road transport, by … easily computed over a multilayer graph. Therefore, the pre…"
7,7,Resilience of self-organised and top-down planned cities—a case study on London and Beijing street networks,https://journals.plos.org/plosone/article?id=10.1371/journal.pone.0141736,45,"J Wang - PloS one, 2015 - journals.plos.org",… dual representations of planar graphs. The robustness of … space is a graph representation of street networks where roads … impacts on urban transport by resilience analysis in the primal …
8,8,Critical infrastructures vulnerability: The highway networks,https://link.springer.com/content/pdf/10.1007/978-3-540-75261-5_9.pdf,13,"L Issacharoff, S Lämmer, V Rosato… - Managing complexity …, 2008 - Springer","… In this work we focus on the road transportation system and, … for the extreme vulnerability of complex networks to any … the graph’s topology and determine networks elements which …"
9,9,Measuring urban road network vulnerability to extreme events: an application for urban floods,https://www.sciencedirect.com/science/article/pii/S1361920921000742,28,"AB Morelli, AL Cunha - Transportation research part D: transport and …, 2021 - Elsevier","… road network as a primal directed graph, but, since the infrastructure available to each mode of transportation can vary, we use different graphs … the difference in the graphs' structure for …"
10,10,"OSMnx: New methods for acquiring, constructing, analyzing, and visualizing complex street networks",https://www.sciencedirect.com/science/article/pii/S0198971516303970,1058,"G Boeing - Computers, Environment and Urban Systems, 2017 - Elsevier","… and sound from the perspectives of graph theory, transportation, and urban design. OSMnx … a connected graph to disconnect it. This is a measure of resilience as complex networks with …"
11,11,Measuring the vulnerability of public transport networks,https://www.sciencedirect.com/science/article/pii/S0966692314000180,250,"E Rodríguez-Núñez, JC García-Palomares - Journal of transport geography, 2014 - Elsevier","… on transport network vulnerability can be differentiated according to whether they deal with road networks (the most frequent) or public transport (… , graph theory and complex network …"
12,12,Importance and exposure in road network vulnerability analysis,https://www.sciencedirect.com/science/article/pii/S096585640500162X,858,"E Jenelius, T Petersen, LG Mattsson - Transportation Research Part A …, 2006 - Elsevier","… In view of the recent big interest in the properties of complex networks, in Section 4.4 we calculate some topological measures of the road network and compare it with other networks. …"
13,13,Characterization of vulnerability of road networks to random and nonrandom disruptions using network percolation approach,https://ascelibrary.org/doi/abs/10.1061/%28ASCE%29CP.1943-5487.0000938,11,"B Abdulla, B Birgisson - Journal of Computing in Civil Engineering, 2021 - ascelibrary.org","… to lend themselves readily to being represented as graphs. … in modeling transportation vulnerability and road network … , the road network is modeled as a directed primal graph, in …"
14,14,Assessing seismic vulnerability of urban road networks by a Bayesian network approach,https://www.sciencedirect.com/science/article/pii/S1361920918307375,32,"Y Tang, S Huang - Transportation research part D: transport and …, 2019 - Elsevier","… These studies usually use relevant indexes of graph theory to analyze vulnerability from the … Certainly, actual urban road network structure is quite complex, so this study approached …"
15,15,Transport resilience and vulnerability: The role of connectivity,https://www.sciencedirect.com/science/article/pii/S0965856414003048,304,"A Reggiani, P Nijkamp, D Lanzi - Transportation research part A: policy and …, 2015 - Elsevier","… In addition, if we assume that complex networks are not … the complex (transport) network approach, by means of graph … We can find several real applications to road networks (2V, …"
16,16,Transportation network resilience against failures: GIS-based assessment of network topology role,https://www.emerald.com/insight/content/doi/10.1108/IJDRBE-06-2020-0064/full/html,5,"F Rouhana, D Jawad - … journal of disaster resilience in the built …, 2021 - emerald.com",… assessing the resilience of transportation road infrastructure … Graph-based techniques through graph theory are employed … of complex dynamic processes in transport networks through …
17,17,Characterization of vulnerability of road networks to fluvial flooding using SIS network diffusion model,https://link.springer.com/article/10.1186/s43065-020-00004-z,19,"B Abdulla, A Kiaghadi, HS Rifai, B Birgisson - … Preservation and Resilience, 2020 - Springer","… , they tend to lend themselves readily to being represented as graphs, and therefore graph … study the vulnerability in transportation systems [32]. Graph theory reduces a road network to …"
18,18,Evaluation of the resilience of air transportation network with adaptive capacity,https://www.tandfonline.com/doi/abs/10.1080/12265934.2016.1166979,25,"S Yoo, H Yeo - International Journal of Urban Sciences, 2016 - Taylor & Francis","… of complex network theory, the study of complex network has … The network in this study is a weighted, undirected graph with … that road and railway networks are link-based networks …"
19,19,Characterization of the vulnerability of road networks to fluvial flooding using network percolation approach,https://ascelibrary.org/doi/abs/10.1061/9780784482445.055,14,"B Abdulla, A Mostafavi, B Birgisson - … , sustainability, and resilience, 2019 - ascelibrary.org","… Graph theory based methods have been devised to assess the vulnerability of the transportation networks… systems, they tend to lend themselves readily to being represented as graphs. …"
20,0,Characterization of the vulnerability of road networks to fluvial flooding using network percolation approach,https://ascelibrary.org/doi/abs/10.1061/9780784482445.055,14,"B Abdulla, A Mostafavi, B Birgisson - … , sustainability, and resilience, 2019 - ascelibrary.org","… Graph theory based methods have been devised to assess the vulnerability of the transportation networks… systems, they tend to lend themselves readily to being represented as graphs. …"
21,1,The role of travel demand and network centrality on the connectivity and resilience of an urban street system,https://link.springer.com/article/10.1007/s11116-017-9814-y,41,"M Akbarzadeh, S Memarmontazerin, S Derrible… - Transportation, 2019 - Springer","… , graphs that account for direction (ie, one-way streets), as we do in this work are called directed networks, while graphs … Figures 7 and 8 show the effect of node removal on the relative …"
22,2,Identifying topological credentials of physical infrastructure components to enhance transportation network resilience: case of Florida bridges,https://ascelibrary.org/doi/abs/10.1061/JTEPBS.0000712,2,"MA Ahmed, AM Sadri, A Mehrabi… - Journal of transportation …, 2022 - ascelibrary.org",… scales to apply complex network analysis to the study of Florida road network resilience. The … studied the application of graph theory and network analysis to design transportation …
23,3,Assessment of urban ecosystem resilience through hybrid social–physical complex networks,https://onlinelibrary.wiley.com/doi/abs/10.1111/mice.12080,107,"M Cavallaro, D Asprone, V Latora… - … ‐Aided Civil and …, 2014 - Wiley Online Library","… complex networks, obtained by enriching the urban street … is based on the analysis of an extremely simplified model—a graph… resilience of complex transportation networks, information …"
24,4,Robustness and vulnerability analysis of water distribution networks using graph theoretic and complex network principles,https://ascelibrary.org/doi/abs/10.1061/41203(425)85,52,"A Yazdani, P Jeffrey - Water Distribution Systems Analysis 2010, 2010 - ascelibrary.org",… of the vulnerability in complex networks among other sectors include resilience of urban transport networks (Zio and … Random planar graphs and the London street network.” Eur. Phys. …
25,5,Topological patterns in street networks of self-organized urban settlements,https://link.springer.com/article/10.1140/epjb/e2006-00085-1,331,"J Buhl, J Gautrais, N Reeves, RV Solé… - … Matter and Complex …, 2006 - Springer",… matrix largely defined by three types of transportation networks. These involve matter (… random graph theory and to exhibit a high resilience to random removal and high vulnerability to …
26,6,Vulnerability and robustness of interdependent transport networks in north-western Italy,https://etrr.springeropen.com/articles/10.1186/s12544-023-00580-7,,"C Ferrari, M Santagata - European Transport Research …, 2023 - etrr.springeropen.com",… as resilience and vulnerability within the framework of complex … Berdica [5] argues that vulnerability in the road transportation … a transport terminal (a motorway exit in the motorway graph …
27,7,Network robustness and fragility: Percolation on random graphs,https://journals.aps.org/prl/abstract/10.1103/PhysRevLett.85.5468,2920,"DS Callaway, MEJ Newman, SH Strogatz, DJ Watts - Physical review letters, 2000 - APS","… of our theory to the understanding of network resilience. … networks is the random graph [7], which has been investigated in depth for several decades now. However, random graphs …"
28,8,Centrality measures and vulnerability of spatial networks,https://citeseerx.ist.psu.edu/document?repid=rep1&type=pdf&doi=ec18601ee904afc082283bb1e75e1b3d4ce336b0,16,"U Demšar, O Špatenková, K Virrantaus - 4th Internat. Conf. on Information …, 2007 - Citeseer",… Other measures and properties of graphs are under … and other global transportation networks. US Internet as an … networks using a dual graph modelling approach (meaning that the line …
29,9,Identifying critical locations in a spatial network with graph theory,https://onlinelibrary.wiley.com/doi/abs/10.1111/j.1467-9671.2008.01086.x,139,"U Demšar, O Špatenková, K Virrantaus - Transactions in GIS, 2008 - Wiley Online Library","… of the city of Helsinki as an example of a transportation … theory, probabilistic graph theory and complex networks … the Helsinki street network and describes how the vulnerability risk was …"
30,10,"A multi-scale analysis of 27,000 urban street networks: Every US city, town, urbanized area, and Zillow neighborhood",https://journals.sagepub.com/doi/pdf/10.1177/2399808318784595,139,"G Boeing - Environment and Planning B: Urban Analytics …, 2020 - journals.sagepub.com","… measures relevant to graph theory, transportation, urban … Planar graphs may reasonably model the street networks of … Brittle points of vulnerability characterize networks with low …"
31,11,A complex network approach to robustness and vulnerability of spatially organized water distribution networks,https://arxiv.org/abs/1008.1770,67,"A Yazdani, P Jeffrey - arXiv preprint arXiv:1008.1770, 2010 - arxiv.org",… sectors include resilience of urban transport networks (Zio and … graph theory and complex network principles in the analysis of vulnerability and robustness of water distribution networks …
32,12,Vulnerability and resilience of transport systems–A discussion of recent research,https://www.sciencedirect.com/science/article/pii/S0965856415001603,708,"LG Mattsson, E Jenelius - Transportation research part A: policy and …, 2015 - Elsevier","… in graph theory studies the vulnerability of transport networks … complex and interdependent. For instance, most of them require electric power, access to computer networks and road …"
33,13,Analysis of vulnerability of road networks on the basis of graph topology and related attribute information,https://link.springer.com/chapter/10.1007/978-3-642-14616-9_34,14,"Z Zhang, K Virrantaus - … Technologies: Proceedings of the Second KES …, 2010 - Springer",… Road networks can be considered as graphs: the bending points and intersections of roads … transportation networks. Governments authorities try to create a road network vulnerability …
34,14,A host-based approach to network attack chaining analysis,https://ieeexplore.ieee.org/abstract/document/1565236/,154,"…, J Pamula, R Ritchey, J Street - 21st Annual Computer …, 2005 - ieeexplore.ieee.org","… an attack graph. Researchers have proposed a variety of methods to generate attack graphs. In this paper, we provide a novel alternative approach to network vulnerability analysis by …"
35,15,Assessing the role of network topology in transportation network resilience,https://www.sciencedirect.com/science/article/pii/S0966692315000794,293,"X Zhang, E Miller-Hooks, K Denny - Journal of transport geography, 2015 - Elsevier","… transportation, communications, the Internet, general graph … These components, however, can be complex networks in their … Group 1 networks are more often found in urban street …"
36,16,Resilient urban forms: A review of literature on streets and street networks,https://www.sciencedirect.com/science/article/pii/S0360132318305985,148,"A Sharifi - Building and Environment, 2019 - Elsevier","… for improving resilience of streets and street networks. … complex structure of street networks [19]. While, in many cases, … to evaluate resilience of different transportation network topologies…"
37,17,Resilience and efficiency in transportation networks,https://www.science.org/doi/abs/10.1126/sciadv.1701079,269,"AA Ganin, M Kitsak, D Marchese, JM Keisler… - Science …, 2017 - science.org","… We collect statistics for 20 realizations of the percolation. On failed segments, free-flow … The disturbances affecting the road infrastructure are often complex, and their impact on the …"
38,18,Robustness of transportation networks: The case of Madagascar's road network,https://www.academia.edu/download/38562501/Robustness-of-Transportation-Networks-The-Case-of-Madagascars-Road-Network.pdf,10,"R Julliard, PJ Yun, R Rado - … Journal of Advancements in Research & …, 2015 - academia.edu","… A random graph model with a degree distribution <k>= 2.93 has been obtained for the study … focus on the resilience of the country’s road network. For this purpose, the complex network …"
39,19,Using Graph Model to Analyze the Topological Vulnerability of Transport Infrastructure.,http://ceur-ws.org/Vol-1623/papertl1.pdf,2,"M Anop - DOOR (Supplement), 2016 - ceur-ws.org",… If we can find the road network vulnerability from the road network … transport infrastructure can be applied to assess the vulnerability of the network according to complex network theory. …
40,0,Modelling the air transport with complex networks: A short review,https://link.springer.com/article/10.1140/epjst/e2013-01711-9,276,"M Zanin, F Lillo - The European Physical Journal Special Topics, 2013 - Springer","… to different transportation modes, including streets [12,13], … a weighted directed graph one can construct other graphs by … some results on the resilience of the air transport network, ie, its …"
41,1,Modeling modern network attacks and countermeasures using attack graphs,https://ieeexplore.ieee.org/abstract/document/5380524/,322,"K Ingols, M Chu, R Lippmann… - 2009 Annual …, 2009 - ieeexplore.ieee.org","… , it is possible to hypothesize a zero-day vulnerability in specific … -day vulnerability in each application on a network, one at a time, and building an attack graph for each new vulnerability …"
42,2,Multiscale vulnerability of complex networks,https://aip.scitation.org/doi/abs/10.1063/1.2801687,91,"S Boccaletti, J Buldú, R Criado, J Flores… - … Journal of Nonlinear …, 2007 - aip.scitation.org","… We present a novel approach to quantify the vulnerability of a complex network, ie, the capacity of a graph to maintain its functional performance under random damages or malicious …"
43,3,Performance metrics and analysis of transit network resilience in Toronto,https://www.researchgate.net/profile/David-King-23/publication/330809142_Evaluating_transit_network_resilience_through_graph_theory_and_demand-elastic_measures_Case_study_of_the_Toronto_transit_system/links/5e1f3a49a6fdcc0a36cb8263/Evaluating-transit-network-resilience-through-graph-theory-and-demand-elastic-measures-Case-study-of-the-Toronto-transit-system.pdf,23,"D King, A Shalaby, P Eng - Transportation Research Record, 2016 - researchgate.net",… a methodology for determining the vulnerability of road 150 networks. The method involved … a graph could serve as a strong basis for analyzing 188 the resilience of a complex network. …
44,4,Using a random road graph model to understand road networks robustness to link failures,https://www.sciencedirect.com/science/article/pii/S1874548220300172,20,"PYR Sohouenou, P Christidis, A Christodoulou… - International Journal of …, 2020 - Elsevier",… These resilience indicators are hence considered as … The abstract representation of a transport system as a network of nodes (… Undirected graphs representing road networks generally …
45,5,Analyzing resilience of urban networks: a preliminary step towards more flood resilient cities,https://nhess.copernicus.org/articles/13/221/2013/,169,"S Lhomme, D Serre, Y Diab… - Natural hazards and …, 2013 - nhess.copernicus.org","… Technical networks (ie, transportation networks, the Internet) … complex networks which also include biological and social … and refinement of network models and graph–theoretical …"
46,6,Studying the topology of transportation systems through complex networks: handle with care,https://www.hindawi.com/journals/jat/2018/3156137/,49,"M Zanin, X Sun, S Wandelt - Journal of Advanced Transportation, 2018 - hindawi.com","… of the robustness and resilience of transportation systems, in … of road networks, in which the physical nature of the graph … a crossroad where more than six streets converge. In spite of …"
47,7,Resilience in railway transport systems: a literature review and research agenda,https://www.tandfonline.com/doi/abs/10.1080/01441647.2020.1728419,135,"N Bešinović - Transport Reviews, 2020 - Taylor & Francis","… resilience in railway transport and gives a comprehensive, up-to-date review of railway resilience … complex network theory which are based on graph properties and most often perform …"
48,8,A graph-theoretic framework for assessing the resilience of sectorised water distribution networks,https://link.springer.com/article/10.1007/S11269-016-1245-6,179,"M Herrera, E Abraham, I Stoianov - Water Resources Management, 2016 - Springer","… interconnected by links forming graph-bridges, which transport water from the transmission … topology by sector-nodes reduces the dimensionality of complex networks. Figure 5b shows …"
49,9,Damage and fluctuations induce loops in optimal transport networks,https://journals.aps.org/prl/abstract/10.1103/PhysRevLett.104.048704,337,"E Katifori, GJ Szöllősi, MO Magnasco - Physical review letters, 2010 - APS","… of a complex biological network, endowing leaves with a … density of loops in transport networks: resilience to damage and … can be shown to be topologically a tree, a loopless graph such …"
50,10,Urban resilience: A civil engineering perspective,https://www.mdpi.com/175362,51,"A Bozza, D Asprone, F Fabbrocino - Sustainability, 2017 - mdpi.com","… quantifying resilience according to the complex networks theory. … resilience in transportation networks, being modelled as … , resilience is a proxy for the mathematical feature of the graph, …"
51,11,Validating and restoring defense in depth using attack graphs,https://ieeexplore.ieee.org/abstract/document/4086659/,281,"R Lippmann, K Ingols, C Scott… - MILCOM 2006-2006 …, 2006 - ieeexplore.ieee.org",… using information from network vulnerability scanners. This approach does not scale to large … The predictive graph corresponding to the network in Fig. is shown in Fig. Detailedpseudo …
52,12,Measuring the topological robustness of transportation networks to disaster-induced failures: A percolation approach,https://ascelibrary.org/doi/abs/10.1061/(ASCE)IS.1943-555X.0000533,51,"S Dong, A Mostafizi, H Wang, J Gao… - Journal of Infrastructure …, 2020 - ascelibrary.org","… on city resilience enhancement. A transportation network can be considered a complex … Moreover, acyclic graphing is the prerequisite for much of network measurement calculations. …"
53,13,Predicting road network vulnerability to fluvial flooding using machine learning classifiers: Case study of Houston during Hurricane Harvey,https://ascelibrary.org/doi/abs/10.1061/9780784482865.005,5,"B Abdulla, B Birgisson - Construction Research Congress 2020 …, 2020 - ascelibrary.org",… vulnerable sections in the transportation network with the help … the connectivity in the road network using a graph theory-based … Road networks are modeled as primal graphs. Figure 2 …
54,14,"Structure and dynamics of transportation networks: models, methods and applications",https://www.torrossa.com/gs/resourceProxy?an=5017668&publisher=FZ7200#page=364,93,"C Ducruet, I Lugo - The SAGE handbook of transport studies, 2013 - torrossa.com","… Traditionally, transport networks are studied from a graph theory … , applying complex systems to transport networks is preferred … of road network vulnerability”, Journal of Transport …"
55,15,Evaluating transit network resilience through graph theory and demand-elastic measures: Case study of the Toronto transit system,https://www.tandfonline.com/doi/abs/10.1080/19439962.2018.1556229,9,"D King, A Aboudina, A Shalaby - … Transportation Safety & Security, 2020 - Taylor & Francis","… could serve as a strong basis for analyzing the resilience of a complex network. Therefore, … ; (2) focused on the street network, with little or no consideration of the associated transit …"
56,16,Critical transport infrastructure in Urban areas: impacts of traffic incidents assessed using accessibility‐based network vulnerability analysis,https://onlinelibrary.wiley.com/doi/abs/10.1111/j.1468-2257.2008.00448.x,147,"MAP Taylor - Growth and Change, 2008 - Wiley Online Library","… vulnerability and to identify critical locations in road networks. … Figure 3 charts the relative IV values in both full and … for network vulnerability scans in large and complex networks, …"
57,17,Urban road network vulnerability and resilience to large-scale attacks,https://www.sciencedirect.com/science/article/pii/S0925753521004173,8,"S Vivek, H Conner - Safety science, 2022 - Elsevier",… on road transportation networks. … road network vulnerability with complex traffic disruptions in the aftermath of attacks represents a novel way to assess dynamic network vulnerability. …
58,18,Comprehensive comparison and accuracy of graph metrics in predicting network resilience,https://ieeexplore.ieee.org/abstract/document/7149007/,64,"MJF Alenazi, JPG Sterbenz - … reliable communication networks …, 2015 - ieeexplore.ieee.org","… graphs, we study the accuracy of each robustness metric in predicting network resilience … In this section, we increase our graph sample size from 10 graphs to 30,000 graphs divided …"
59,19,Spatial networks,https://www.sciencedirect.com/science/article/pii/S037015731000308X,2689,"M Barthélemy - Physics reports, 2011 - Elsevier","… , power grids and transportation networks obviously depend … Advances in complex networks has already helped … these networks such as walking and searching, resilience, or …"
60,0,Spatial networks,https://www.sciencedirect.com/science/article/pii/S037015731000308X,2689,"M Barthélemy - Physics reports, 2011 - Elsevier","… , power grids and transportation networks obviously depend … Advances in complex networks has already helped … these networks such as walking and searching, resilience, or …"
61,1,Network structure and travel patterns: explaining the geographical disparities of road network vulnerability,https://www.sciencedirect.com/science/article/pii/S0966692308000550,268,"E Jenelius - Journal of Transport Geography, 2009 - Elsevier","… The recent interest in complex networks has led to several similar studies of both real and … Left: Population density of the Swedish municipalities (inhabitants/km 2 ), data from Statistics …"
62,2,Extraction and analysis of traffic and topologies of transportation networks,https://journals.aps.org/pre/abstract/10.1103/PhysRevE.74.036114,230,"M Kurant, P Thiran - Physical Review E, 2006 - APS",… might have crucial meaning for the resilience of the system. A … 3 we present the graphs obtained from this data set. The … logical graph that reflects the traffic flows in the network. This …
63,3,Complex network topology of transportation systems,https://www.tandfonline.com/doi/abs/10.1080/01441647.2013.848955,178,"J Lin, Y Ban - Transport reviews, 2013 - Taylor & Francis","… for graph theory, but also introduced preliminary network … fiction urban street network, column 2 is the primal graphs based … the corresponding dual connectivity graph. Row A represents …"
64,4,… and improvement of the urban transportation networks resilience in short-term non-recurring traffic congestion: a novel graph connectivity-based criteria,https://www.sciencedirect.com/science/article/pii/S2666691X22000501,,"MA Gorji, M Akbarzadeh… - Transportation Engineering, 2022 - Elsevier","… 8, it can be concluded that the western streets of Isfahan transportation networks have a more significant role than the eastern streets in the resilience of the transportation network. This …"
65,5,Characterization of resilience of networks to uncertain disruptions: A case study of Houston road network during Hurricane Harvey,https://ascelibrary.org/doi/abs/10.1061/9780784483169.004,2,"B Abdulla, B Birgisson - International Conference on Transportation …, 2020 - ascelibrary.org","… , first, the road network is represented as planar graphs and … which resilience is calculated for any type of graph based on … Studies on the vulnerability of transport systems using graph …"
66,6,… of the impact of structural damage on urban accessibility following a disaster: the case of the seismically damaged Port Au Prince and Carrefour urban road networks,https://www.sciencedirect.com/science/article/pii/S0966692311001372,141,"F Bono, E Gutiérrez - Journal of Transport Geography, 2011 - Elsevier","… the street vector data are converted into a graph network and … own herein) the vulnerability of the Swedish road network, in the … studies have addressed the complex issue of this mutual …"
67,7,An assessment method for traffic state vulnerability based on a cloud model for urban road network traffic systems,https://ieeexplore.ieee.org/abstract/document/9126236/,20,"Z Deng, D Huang, J Liu, B Mi… - … Intelligent Transportation …, 2020 - ieeexplore.ieee.org","… analysis method based on complex network, we develop a … vulnerability based on a cloud model for urban road network … the vulnerability of urban road network, the scale cloud charts …"
68,8,An attack graph-based probabilistic computing approach of network security,http://cjc.ict.ac.cn/eng/qwjse/view.asp?id=3214,30,"Y Ye, XS Xu, Y Jia, ZC Qi - Jisuanji Xuebao(Chinese Journal of …, 2010 - cjc.ict.ac.cn","… too complicated, not suited to large-scale network. This paper presents a methodology for … graphs and the Common Vulnerability Scoring System (CVSS), simplifies the attack graphs by …"
69,9,Applying network theory to quantify the redundancy and structural robustness of water distribution systems,https://ascelibrary.org/doi/abs/10.1061/(ASCE)WR.1943-5452.0000159,141,"A Yazdani, P Jeffrey - Journal of Water Resources Planning and …, 2012 - ascelibrary.org","… to assessing this constrained form of WDN resilience that draws on recent developments in complex networks and graph theory, which quantify the network building blocks (local and …"
70,10,Vulnerability of infrastructure systems: Macroscopic analysis of critical disruptions on road networks,https://ascelibrary.org/doi/abs/10.1061/(ASCE)IS.1943-555X.0000266,28,"SH Hosseini Nourzad, A Pradhan - Journal of Infrastructure …, 2016 - ascelibrary.org",… for modeling transportation network vulnerability due to area-… graph-partitioning methods in which the nodes of a network … clusters are necessary inputs of graph-partitioning methods (…
71,11,The network analysis of urban streets: A dual approach,https://www.sciencedirect.com/science/article/pii/S0378437106001282,889,"S Porta, P Crucitti, V Latora - Physica A: Statistical Mechanics and its …, 2006 - Elsevier","… the resilience of scale-free networks to errors and attacks. The emerging of scaling in a complex network … to population growth through lines of transportation, or seeking the prediction of …"
72,12,Random graphs and complex networks,https://books.google.com/books?hl=en&lr=&id=gJ20DQAAQBAJ&oi=fnd&pg=PR13&dq=graphs+OR+complex+networks+AND+street+networks+OR+transportation+OR+transport+networks+OR+street+graphs+OR+transportation+OR+transport+graphs+AND+vulnerability+OR+resilience+OR+susceptibility&ots=kfs9951YK_&sig=oEKkp6D-Sp3ELjeWd28z2psFblM,903,R Van Der Hofstad - 2016 - books.google.com,"… results for the Erdos-Rényi random graph as well as for random graph models for complex … Such results would have great implications for the resilience of networks, both to random and …"
73,13,Brain functional networks in syndromic and non-syndromic autism: a graph theoretical study of EEG connectivity,https://bmcmedicine.biomedcentral.com/articles/10.1186/1741-7015-11-54,194,"JM Peters, M Taquet, C Vega… - BMC …, 2013 - bmcmedicine.biomedcentral.com","… Next, graph measures of the functional networks were computed and a resilience analysis … To characterize these complex networks with quantitative measures, graph analysis can be …"
74,14,Using complex network analysis for optimization of water distribution networks,https://agupubs.onlinelibrary.wiley.com/doi/abs/10.1029/2020WR027929,33,"R Sitzenfrei, Q Wang, Z Kapelan… - Water resources …, 2020 - Wiley Online Library","… distribution networks (WDNs), and they performed vulnerability … characterized by graph metrics based on unweighted graphs. … The generation approach uses real open street map data …"
75,15,Resilience of aging structures and infrastructure systems with emphasis on seismic resilience of bridges and road networks,https://www.sciencedirect.com/science/article/pii/S2772741622000205,8,"L Capacci, F Biondini, DM Frangopol - Resilient Cities and Structures, 2022 - Elsevier","… , particularly bridges and transportation networks, exposed to … Consistently with graph theory, road networks can be … of complex networks have been proposed as road performance …"
76,16,Network resilience for transport security: Some methodological considerations,https://www.sciencedirect.com/science/article/pii/S0967070X12001552,237,"A Reggiani - Transport Policy, 2013 - Elsevier","… which focus on resilience show the … complex transport networks and resilience, mostly by exploring this relationship at different scale levels and its impact on the whole network. …"
77,17,Topological patterns of spatial urban street networks,https://ieeexplore.ieee.org/abstract/document/4681175/,12,"Y Hu, Q Wu, D Zhu - … on Wireless Communications, Networking …, 2008 - ieeexplore.ieee.org",… have long been studied in GIS particularly in transportation [18]. Most of … network vulnerability are discussed. We find that the street networks are strikingly different from random graphs …
78,18,An annotated review of past papers on attack graphs,https://apps.dtic.mil/sti/citations/ADA431826,287,"RP Lippmann, KW Ingols - 2005 - apps.dtic.mil","… attack graph for all hosts and network devices in a network … is described that reads in network, vulnerability, and attacker … For a higher network/transport level, the authors suggest …"
79,19,Mobility and Resilience,https://openknowledge.worldbank.org/handle/10986/37452,2,"Y He, J Rentschler, P Avner, J Gao, X Yue, J Radke - 2022 - openknowledge.worldbank.org","… impacts on road transportation networks. It constructs topological … create graphs for road networks for each settlement cluster, we use the graph module of OSMnx specifying the network …"
80,0,Vulnerability assessment for coupled network consisting of power grid and EV traffic network,https://ieeexplore.ieee.org/abstract/document/9536952/,13,"N Liu, X Hu, L Ma, X Yu - IEEE Transactions on Smart Grid, 2021 - ieeexplore.ieee.org","… Existing complex network vulnerability assessment methods are … of transportation networks vulnerability with roots in graph … of an urban street system,” Transportation, vol. 46, no. 4, pp. …"
81,1,Morphogenesis of spatial networks,https://link.springer.com/content/pdf/10.1007/978-3-319-20565-6.pdf,158,M Barthelemy - 2018 - Springer,"… -world networks, opened the golden era of complex networks … results obtained on transportation networks that illustrate the … The resilience of these networks to perturbations is thus an …"
82,2,Shortest-path queries for complex networks: exploiting low tree-width outside the core,https://dl.acm.org/doi/abs/10.1145/2247596.2247614,92,"T Akiba, C Sommer, K Kawarabayashi - Proceedings of the 15th …, 2012 - dl.acm.org","… of course ubiquitous in transportation networks [32, 5, 25]. … for other networks like road networks, expander graphs, or … We store the graph with the minimum number of edges at this time …"
83,3,The road most travelled: the impact of urban road infrastructure on supply chain network vulnerability,https://link.springer.com/article/10.1007/s11067-017-9370-1,18,"NM Viljoen, JW Joubert - Networks and Spatial Economics, 2018 - Springer",… transport infrastructure has on its vulnerability. The dependence relationship is modelled using multilayered complex network … that the broadly varying shortest path statistics of the initial …
84,4,Merger of Network Graph Indicators to Estimate Resilience in Latin American Cities,https://ieeexplore.ieee.org/abstract/document/9847251/,,"D Cordero, G Rodriguez - IEEE Access, 2022 - ieeexplore.ieee.org","… , were applied using network graphs from OpenStreetMap (OSM) to estimate the … transport road networks. Therefore, the measurement of resilience and sustainability of road networks is …"
85,5,Statistical characteristics and community analysis of urban road networks,https://www.hindawi.com/journals/complexity/2020/6025821/,37,"WL Shang, Y Chen, H Bi, H Zhang, C Ma, WY Ochieng - Complexity, 2020 - hindawi.com","… many types of transport networks, complex network research … detection of communities in graphs, such as graph partitioning, … on the robustness and vulnerability of the whole network. …"
86,6,Networks of collaborating criminals: Assessing the structural vulnerability of drug markets,https://journals.sagepub.com/doi/pdf/10.1177/0022427810391535,227,"A Malm, G Bichler - Journal of research in crime and …, 2011 - journals.sagepub.com","… statistics tapping small-world, scale-free, and vulnerability, is … that individuals in complex transport, complex supply, and … These results make street-level sellers poor targets for police …"
87,7,Time-varying graphs and dynamic networks,https://www.tandfonline.com/doi/abs/10.1080/17445760.2012.668546,681,"A Casteigts, P Flocchini, W Quattrociocchi… - International Journal of …, 2012 - Taylor & Francis","… of transportation networks and (c) the analysis of complex real… a temporal graph as a sequence of static graphs whose … [44]); detection of emergence and resilience of communities, …"
88,8,Topological convergence of urban infrastructure networks,https://arxiv.org/abs/1902.01266,7,"C Klinkhamer, J Zischg, E Krueger, S Yang… - arXiv preprint arXiv …, 2019 - arxiv.org","… implications to network performance, stability and resilience of … the networks studied here to that of a Poisson random graph of … -free random graphs, resulting in vulnerability to failures of …"
89,9,Identifying changes in critical locations for transportation networks using centrality,https://link.springer.com/chapter/10.1007/978-3-030-19424-6_22,9,"NY Aydin, Y Casali, H Sebnem Duzgun… - … Urban Planning and …, 2019 - Springer",… Complex network applications are used in transportation … rural road recovery strategies in order to increase the resilience … We modelled the network as an undirected graph and ignored …
90,10,Measuring the Resilience of the Transport Infrastructure in Big Cities,https://ieeexplore.ieee.org/abstract/document/8625202/,1,"H Alatrista-Salas, M Nunez-del-Prado… - 2018 IEEE Latin …, 2018 - ieeexplore.ieee.org","… The medium-sized networks are graphs that belong to the large-sized graph. They … a street intersection (node), the vulnerability falls sharply, affecting the propagation of transportation […"
91,11,Comparative analysis of centrality measures for identifying critical nodes in complex networks,https://www.sciencedirect.com/science/article/pii/S1877750322001314,3,"O Ugurlu - Journal of Computational Science, 2022 - Elsevier","… on network robustness and vulnerability against failures in … we averaged the results of each graph type for a more precise … Especially for social and transportation networks, ISC finds …"
92,12,Capturing the signature of topological evolution from the snapshots of road networks,https://www.hindawi.com/journals/complexity/2020/8054316/,11,"GU Jang, JC Joo, J Park - Complexity, 2020 - hindawi.com","… as providing the critical function of transport for people, goods, … and network vulnerability to disruptions relate to road network … applied complex network theory to empirical Korean road …"
93,13,A protocol to convert spatial polyline data to network formats and applications to world urban road networks,https://www.nature.com/articles/sdata201646,103,"A Karduni, A Kermanshah, S Derrible - Scientific data, 2016 - nature.com","… including on transportation systems (eg, road networks). In this … lens of graphs and networks can shed light on many complex … This approach is rooted in the origins of the field of Graph …"
94,14,Assessing potential likelihood and impacts of landslides on transportation network vulnerability,https://www.sciencedirect.com/science/article/pii/S1361920919315688,22,"Q Zhang, H Yu, Z Li, G Zhang, DT Ma - Transportation research part D …, 2020 - Elsevier",… on the road transport network. Existing landslide-related network vulnerability studies follow … Landslides cannot be forecasted because of complex variations in landslide mechanisms …
95,15,Range-limited centrality measures in complex networks,https://journals.aps.org/pre/abstract/10.1103/PhysRevE.85.066103,54,"M Ercsey-Ravasz, RN Lichtenwalter, NV Chawla… - Physical Review E, 2012 - APS","… graph structure of these systems determines their transport … actual physical distance (eg, in road networks), or a cost or a … Here we define the vulnerability backbone (VB) of a graph as …"
96,16,Performance indicators for public transit connectivity in multi-modal transportation networks,https://www.sciencedirect.com/science/article/pii/S0965856412000705,266,"S Mishra, TF Welch, MK Jha - Transportation Research Part A: Policy and …, 2012 - Elsevier",… public transportation systems which are much more complex … makers with a tool to measure network resilience. As with any … (1) extending the graph theoretic approach to determine the …
97,17,CRAFT: Comprehensive resilience assessment framework for transportation systems in urban areas,https://www.sciencedirect.com/science/article/pii/S1474034620301300,21,"E Koc, B Cetiner, A Rose, L Soibelman… - Advanced Engineering …, 2020 - Elsevier","… complex resilience challenges. Among the components of the “urban system,” transportation networks … The reader is referred to the web version of this article to see all figures in color. …"
98,18,Modelling community evacuation vulnerability using GIS,https://www.tandfonline.com/doi/abs/10.1080/136588197242077,341,"TJ Cova, RL Church - International Journal of Geographical …, 1997 - Taylor & Francis","… that may face transportation difficulties during an evacuation. … for most real-world road networks, and we describe a … a separation of the graph into two separate sub-graphs. At this point, …"
99,19,Modelling intra-dependencies to assess road network resilience to natural hazards,https://link.springer.com/article/10.1007/s11069-020-03962-5,10,"R Der Sarkissian, C Abdallah, JM Zaninetti, S Najem - Natural Hazards, 2020 - Springer",… by network analysis based on concepts from modern graph … of the importance of a road in the transportation network. … redundant graphs in case of crisis and its impacts on road network …
